emp_no,birth_date,first_name,last_name,gender,hire_date
10451,1982-08-18,Yara,Davis,M,1989-01-02
10452,1940-12-16,Tina,Williams,F,1991-10-18
10453,1971-12-02,Xander,Wilson,M,1995-12-17
10454,1962-11-07,John,White,M,1989-04-27
10455,1947-11-15,Karen,Harris,F,1997-11-21
10456,1943-05-26,Quinn,White,M,1998-09-14
10457,1973-03-11,Victor,Miller,M,1995-10-17
10458,1945-03-31,Jack,Martin,M,1992-08-27
10459,1955-05-15,Xander,Robinson,F,1995-03-18
10460,1942-06-16,John,Williams,M,1996-12-14
10461,1982-07-14,Bob,Robinson,M,1988-07-02
10462,1943-06-11,Ivy,Martin,M,1987-04-01
10463,1978-01-09,Quinn,Jackson,F,1988-06-01
10464,1958-07-04,Charlie,Clark,F,1989-06-16
10465,1986-01-22,Grace,Thompson,M,1997-01-05
10466,1980-10-01,Diana,Davis,F,1985-05-12
10467,1976-04-02,Wendy,Martin,F,1997-01-12
10468,1963-11-07,Grace,Lopez,M,1986-01-27
10469,1969-12-24,Karen,Anderson,M,1992-11-19
10470,1941-05-02,Leo,Perez,F,1998-05-11
10471,1984-02-21,Jack,Davis,M,1999-06-28
10472,1941-02-08,Leo,Lee,F,1985-03-10
10473,1986-11-03,Emma,Perez,M,1992-04-26
10474,1971-01-02,Liam,Lewis,F,1988-12-10
10475,1985-12-12,Xander,Hernandez,M,1994-01-05
10476,1956-05-19,Oscar,Martinez,F,1990-07-13
10477,1946-08-02,Emma,Garcia,M,1994-01-05
10478,1988-09-30,Charlie,Lopez,M,1991-07-27
10479,1972-03-05,Steve,Hernandez,F,1991-03-09
10480,1960-04-16,Uma,Jackson,M,1988-10-12
10481,1987-02-02,Paula,Thompson,F,1995-08-28
10482,1978-04-08,Xander,White,M,1985-05-26
10483,1963-02-10,Mona,White,M,1993-06-28
10484,1971-10-22,Charlie,Brown,M,1990-12-21
10485,1955-07-14,Eve,Martin,F,1985-12-16
10486,1947-06-07,Karen,Davis,F,1993-10-08
10487,1989-06-27,Jack,Martin,M,1988-08-06
10488,1989-07-19,Tina,Martinez,M,1994-05-25
10489,1959-08-15,Grace,Smith,M,1987-03-07
10490,1973-04-04,Victor,Miller,M,1988-03-04
10491,1974-12-26,Alice,Robinson,F,1996-08-20
10492,1948-07-22,Zane,Martinez,M,1993-04-18
10493,1979-03-26,Frank,Taylor,F,1992-07-15
10494,1967-04-02,Tina,Thomas,F,1991-07-21
10495,1963-05-14,Eve,Lee,F,1999-10-14
10496,1973-06-05,Emma,Clark,M,1986-02-11
10497,1967-08-02,Alice,Walker,F,1993-07-23
10498,1950-12-03,Hank,Smith,M,1994-06-07
10499,1962-04-21,Ivy,Lee,M,1998-07-11
10500,1975-06-04,Eve,Thompson,F,1991-11-15
10501,1988-12-15,Charlie,Brown,F,1990-05-19
10502,1942-04-14,Liam,Martinez,F,1988-01-19
10503,1984-09-11,Tina,Robinson,F,1988-07-31
10504,1987-02-06,Eve,Lopez,F,1989-09-07
10505,1987-04-23,Oscar,Brown,M,1986-12-17
10506,1972-05-12,Mona,Sanchez,M,1990-10-11
10507,1950-05-25,Xander,Miller,F,1991-04-25
10508,1948-09-22,Karen,Garcia,F,1990-02-13
10509,1942-04-03,Victor,Perez,F,1996-05-29
10510,1942-12-25,Hank,Hernandez,M,1989-06-26
10511,1964-03-03,Quinn,Robinson,M,1988-10-21
10512,1940-01-04,Steve,Thompson,M,1986-08-24
10513,1947-01-26,Zane,Williams,M,1989-07-01
10514,1984-05-04,Steve,Anderson,F,1986-09-22
10515,1954-09-30,Karen,Hernandez,F,1997-02-12
10516,1971-01-12,Yara,Jackson,M,1992-08-05
10517,1951-08-03,Karen,Sanchez,F,1994-07-20
10518,1960-03-17,Hank,Thomas,M,1993-10-09
10519,1986-07-13,Liam,Hernandez,F,1998-01-07
10520,1956-02-29,Diana,Harris,M,1997-02-23
10521,1973-08-16,Grace,Ramirez,F,1987-06-13
10522,1957-04-04,Wendy,Hernandez,M,1986-08-10
10523,1951-06-21,John,Walker,M,1991-11-10
10524,1957-08-28,Oscar,Ramirez,M,1999-03-27
10525,1958-10-12,Bob,Thompson,M,1991-08-29
10526,1982-11-17,Alice,Lopez,M,1996-05-16
10527,1965-12-23,Uma,Lee,M,1997-03-14
10528,1949-07-07,Paula,Gonzalez,F,1997-11-08
10529,1963-04-07,Charlie,Gonzalez,M,1987-03-28
10530,1967-09-16,Leo,Hernandez,M,1991-01-28
10531,1959-03-31,Jack,Hernandez,F,1992-09-08
10532,1949-06-14,Bob,Miller,F,1988-04-13
10533,1984-06-25,Grace,Johnson,M,1987-04-13
10534,1989-07-11,Jack,Moore,F,1991-05-29
10535,1977-01-15,Victor,Moore,F,1997-07-26
10536,1951-06-12,Karen,Taylor,M,1987-09-01
10537,1942-06-16,Steve,Sanchez,M,1988-12-10
10538,1978-04-21,Xander,Garcia,M,1992-02-19
10539,1943-01-11,Wendy,Thompson,F,1996-12-30
10540,1954-07-16,John,Hernandez,F,1997-02-06
10541,1942-09-02,Ivy,Robinson,M,1995-01-21
10542,1948-12-13,Diana,Ramirez,F,1999-03-30
10543,1947-04-18,Grace,Martin,M,1996-06-17
10544,1956-03-08,Xander,Smith,F,1994-06-01
10545,1972-09-28,Zane,Jones,F,1993-12-05
10546,1948-09-27,Frank,Williams,F,1996-07-30
10547,1953-07-17,Charlie,Hernandez,M,1998-12-18
10548,1955-10-05,Uma,Lee,M,1997-02-10
10549,1964-06-17,Bob,Sanchez,M,1998-07-04
10550,1974-12-19,Emma,Ramirez,M,1994-07-31
