emp_no,first_name,last_name,gender,hire_date,birth_date
10501,Julie,Nguyen,F,2007-10-20,1989-12-30
10502,Tina,Harper,M,2002-07-04,2001-07-10
10503,Mark,Thomas,F,2017-02-18,1983-08-19
10504,Rebecca,Peterson,M,2019-10-15,1986-10-28
10505,David,Allen,M,2015-07-10,1967-09-04
10506,Christopher,Garcia,M,2007-07-04,1971-11-16
10507,David,Edwards,M,2017-07-07,1959-01-06
10508,Robert,Beck,F,2004-06-06,1981-10-13
10509,Brittany,Grant,F,2002-07-24,1967-06-26
10510,Gregory,Hurley,M,2011-10-23,1994-07-28
10511,Kristen,Allen,M,2012-12-16,1964-10-05
10512,Kelsey,Hendrix,M,2017-01-29,1986-01-19
10513,Vanessa,Strong,M,2022-04-22,1977-04-15
10514,Brian,Neal,F,2020-07-31,1979-08-03
10515,Eric,Dougherty,F,2002-09-14,1973-01-17
10516,Rodney,Bray,M,2016-11-05,2005-09-04
10517,Brian,Wu,M,2002-03-24,1963-04-15
10518,Edward,Vasquez,M,2024-06-08,1974-11-04
10519,Amy,Jackson,M,2023-03-26,2002-01-30
10520,Caitlin,Jensen,M,2021-02-26,1987-03-04
10521,Stephen,Palmer,M,2021-09-30,1976-01-20
10522,Mitchell,Taylor,M,2018-08-08,1988-06-23
10523,Karen,Good,M,2009-05-21,1978-11-03
10524,Mallory,King,F,2008-04-10,1960-10-23
10525,Patricia,Maldonado,M,2001-04-24,2001-06-13
10526,Kathryn,Davis,M,2008-05-22,1970-08-08
10527,Nicholas,Price,F,2016-03-13,1980-10-24
10528,Brent,Franco,M,2021-06-11,1971-12-22
10529,Holly,Whitney,M,2001-03-07,2006-08-28
10530,Jane,Floyd,F,2008-06-26,1975-08-09
10531,Jacob,Lyons,F,2013-12-05,2002-08-16
10532,Jessica,Thomas,F,2003-03-30,2000-04-08
10533,Shannon,Scott,F,2000-01-25,2001-03-28
10534,Tammy,Smith,M,2015-11-19,1993-12-05
10535,David,Burgess,M,2004-08-12,2001-03-06
10536,Matthew,Holmes,M,2011-06-20,1961-03-25
10537,Ana,Cruz,M,2011-01-30,1988-05-31
10538,Beverly,Chang,M,2004-08-09,2003-08-18
10539,Martin,Jackson,F,2020-01-26,1983-02-13
10540,Wendy,Jackson,F,2007-02-16,1994-05-27
10541,Brandon,Fields,M,2001-03-07,2001-05-24
10542,Michael,Garcia,F,2010-02-06,2001-04-23
10543,Ryan,Lee,F,2013-06-29,1963-05-16
10544,Brian,Smith,M,2014-11-20,2003-05-22
10545,Christopher,Davis,F,2017-05-07,2002-02-01
10546,Karen,Mclean,F,2006-07-13,1976-12-17
10547,Timothy,Livingston,F,2002-11-07,2002-10-14
10548,Monique,Green,M,2005-08-09,1984-11-09
10549,Albert,Cain,F,2009-08-05,1986-08-11
10550,Erik,Huynh,F,2018-06-08,1964-03-01
10551,Henry,Larson,M,2014-03-07,1990-06-10
10552,Jeremy,Anderson,F,2001-10-11,2002-10-31
10553,Patricia,House,F,2001-10-31,1959-11-03
10554,George,Holmes,M,2013-10-25,1998-02-10
10555,Dustin,Jones,M,2005-08-04,1990-03-20
10556,Roger,Paul,M,2007-05-03,1976-09-22
10557,Danielle,Watts,F,2003-03-05,1960-07-13
10558,Jessica,Mason,F,2005-11-15,2000-05-02
10559,Joshua,Higgins,F,2009-01-25,2002-04-02
10560,Timothy,Compton,M,2019-08-04,2000-05-04
10561,Sandra,Romero,F,2024-04-07,2000-12-17
10562,Jamie,Moore,F,2013-08-13,1978-03-27
10563,Elizabeth,Mcdonald,M,2011-03-31,1979-06-02
10564,Chelsea,Alvarado,F,2003-04-03,2005-08-06
10565,Adrian,Smith,M,2012-08-04,1989-05-27
10566,Tina,Bridges,F,2000-07-03,1983-07-17
10567,James,Bishop,F,2001-02-20,1972-01-28
10568,Joshua,Willis,F,2022-01-23,1969-04-15
10569,Christopher,Ortiz,M,2017-10-08,2003-01-19
10570,Martha,Raymond,F,2004-03-23,1975-01-16
10571,Joshua,King,F,2021-10-24,1973-06-03
10572,Ricardo,Gomez,M,2013-12-04,2005-04-02
10573,Sabrina,Burns,M,2014-05-10,1966-04-08
10574,Lindsay,Ray,M,2000-02-17,1970-03-30
10575,Matthew,Phelps,F,2002-04-01,2005-05-19
10576,Susan,Hawkins,F,2007-09-03,1973-02-23
10577,Brandi,Johnson,F,2003-06-07,1969-12-27
10578,Daniel,Morton,F,2024-08-10,1979-07-15
10579,Joel,Wilson,M,2004-01-16,1990-07-29
10580,Jennifer,Harris,M,2020-05-25,1982-06-23
10581,Kelly,Shelton,F,2020-09-08,1962-01-22
10582,Kirk,Miller,F,2004-06-11,1972-06-12
10583,James,Baird,F,2024-03-20,1969-07-12
10584,Jeffrey,Murphy,F,2021-08-17,1963-02-10
10585,Brian,Jones,M,2011-07-24,2003-03-13
10586,Timothy,Morrison,F,2016-09-11,1983-09-14
10587,Sandra,Castro,M,2003-10-06,1986-06-13
10588,Lisa,Robertson,M,2016-10-16,1964-11-03
10589,Deborah,Navarro,M,2014-10-03,1987-06-20
10590,Angela,White,F,2000-04-26,2005-07-19
10591,Steve,Murphy,M,2002-09-01,1991-04-21
10592,Virginia,Parker,F,2007-10-05,1969-03-09
10593,Jacqueline,Werner,F,2020-01-07,1961-12-09
10594,Craig,Rich,F,2006-10-22,1972-02-24
10595,Michael,Martin,F,2020-01-24,1975-10-24
10596,Dennis,Ayers,M,2019-04-03,1986-02-25
10597,Jennifer,Davis,M,2013-12-04,1980-01-21
10598,Barbara,Lindsey,F,2015-04-20,1984-10-30
10599,Peter,Weber,M,2015-11-21,1965-12-03
10600,Savannah,Reed,M,2002-06-23,1975-06-19
